user_login,user_pass,user_nicename,user_email,display_name,first_name,last_name,roles,nickname
"1045523259","1045523259","1045523259","dp9621751@gmail.com","DANNA PEREZ","DANNA","PEREZ","empleados","DANNA"
"1193206466","1193206466","1193206466","duvisjimenez191@gmail.com","DUVIS JIMENEZ","DUVIS","JIMENEZ","empleados","DUVIS"
"15506894","15506894","15506894","eli0822@hotmail.es","RAMIRO ESNEIDER ARANDO PALACIO","RAMIRO ESNEIDER","ARANDO PALACIO","empleados","RAMIRO ESNEIDER"
"43558961","43558961","43558961","eli0822@hotmail.es","ELIZABETH BERNAL GUTIERREZ","ELIZABETH","BERNAL GUTIERREZ","empleados","ELIZABETH"
"42677051","42677051","42677051","cristiospina14@gmail.com","MARÍA ELENA ESTRADA OLAYA","MARÍA ELENA","ESTRADA OLAYA","empleados","MARÍA ELENA"
"42683251","42683251","42683251","cristiospina14@gmail.com","MARÍA CRISTINA OSPINA CEBALLOS","MARÍA CRISTINA","OSPINA CEBALLOS","empleados","MARÍA CRISTINA"
"10357870805","10357870805","10357870805","mich.gomez1822@gmail.com","MICHELLE GÓMEZ","MICHELLE","GÓMEZ","empleados","MICHELLE"
"42684213","42684213","42684213","clarapalacio2254@gmail.com","CLARA INÉS PALACIO CARMONA","CLARA INÉS","PALACIO CARMONA","empleados","CLARA INÉS"
"1115074507","1115074507","1115074507","jeffer056@hotmail.com","JEFFERSON MARMOLEJO CASTRO","JEFFERSON","MARMOLEJO CASTRO","empleados","JEFFERSON"
"98709430","98709430","98709430","david.2.3@hotmail.com","JOSÉ DAVID MANTILLA LONDOÑO","JOSÉ DAVID","MANTILLA LONDOÑO","empleados","JOSÉ DAVID"
"1020448937","1020448937","1020448937","nataly1523@hotmail.com","YUDY NATALLY ZAPATA GOMEZ","YUDY NATALLY","ZAPATA GOMEZ","empleados","YUDY NATALLY"
"1035522042","1035522042","1035522042","suarezjimenezyormandejesus@gmail.com","YORMAN DE JESUS SUÁREZ JIMÉNEZ","YORMAN DE JESUS","SUÁREZ JIMÉNEZ","empleados","YORMAN DE JESUS"
"1001390086","1001390086","1001390086","saramichelrivera@gmail.com","ZARA MICHEL RIVERA RODRÍGUEZ","ZARA MICHEL","RIVERA RODRÍGUEZ","empleados","ZARA MICHEL"
"43661191","43661191","43661191","leidy.alejandra.duque1808@gmail.com","NIDIA ESCUDERO","NIDIA","ESCUDERO","empleados","NIDIA"
"43926099","43926099","43926099","alejavilla0615@gmail.com","ALEJANDRA BETANCUR VILLA","ALEJANDRA","BETANCUR VILLA","empleados","ALEJANDRA"
"1036929261","1036929261","1036929261","leidy.alejandra.duque1808@gmail.com","LEIDY ALEJANDRA DUQUE GIRALDO","LEIDY ALEJANDRA","DUQUE GIRALDO","empleados","LEIDY ALEJANDRA"
"1017141958","1017141958","1017141958","8604.marce@gmail.com","VIVIANA MARCELA LOPERA LOPERA","VIVIANA MARCELA","LOPERA LOPERA","empleados","VIVIANA MARCELA"
"1035430695","1035430695","1035430695","feruribe1227@gmail.com","LUISA RENGIFO","LUISA","RENGIFO","empleados","LUISA"
"43590802","43590802","43590802","yanedruiz221@gmail.com","YANET RUIZ","YANET","RUIZ","empleados","YANET"
"1007104170","1007104170","1007104170","juanlezcanoruiz@gmail.com","JUAN ESTEBAN LEZCANO RUIZ","JUAN ESTEBAN","LEZCANO RUIZ","empleados","JUAN ESTEBAN"
"4319121","4319121","4319121","jesusportillo505@gmail.com","JESÚS ALBERTO PORTILLO VARGAS","JESÚS ALBERTO","PORTILLO VARGAS","empleados","JESÚS ALBERTO"
"1035878198","1035878198","1035878198","estefanypinedad221@gmail.com","STHEPHANY PINEDA VARGAS","STHEPHANY","PINEDA VARGAS","empleados","STHEPHANY"
"43836724","43836724","43836724","tv669074@gmail.com","TANIA VARGAS","TANIA","VARGAS","empleados","TANIA"
"1007633858","1007633858","1007633858","andredhincapie17@gmail.com","ANDRÉS FELIPE HINCAPIÉ MONTOYA","ANDRÉS FELIPE","HINCAPIÉ MONTOYA","empleados","ANDRÉS FELIPE"
"3032484","3032484","3032484","snoheglis@gmail.com","NOHEGLIS SOTO REINOZA","NOHEGLIS","SOTO REINOZA","empleados","NOHEGLIS"
"30390595","30390595","30390595","viviqui-08@gmail.com","FRANCY VIVIANA QUINTERO RIOS","FRANCY VIVIANA","QUINTERO RIOS","empleados","FRANCY VIVIANA"
"1020444662","1020444662","1020444662","isabelzapatar88@gmail.com","ISABEL CRISTINA ZAPATA ARISMENDY","ISABEL CRISTINA","ZAPATA ARISMENDY","empleados","ISABEL CRISTINA"
"43895317","43895317","43895317","zapatamerkahorro2023@gmail.com","ZANDRA MILENA RUEDA MOSQUERA","ZANDRA MILENA","RUEDA MOSQUERA","empleados","ZANDRA MILENA"
"1035436351","1035436351","1035436351","saramilena28@gmail.com","SARA MILENA FLOREZ ECHEVERRI","SARA MILENA","FLOREZ ECHEVERRI","empleados","SARA MILENA"
"15512821","15512821","15512821","zapatamerkahorro@gmail.com","WALTER ALBERTO ZAPATA ISAZA","WALTER ALBERTO","ZAPATA ISAZA","empleados","WALTER ALBERTO"
"1020113192","1020113192","1020113192","andresguisao27@gmail.com","ANDRES GUISADO QUINTERO","ANDRES","GUISADO QUINTERO","empleados","ANDRES"
"1036691923","1036691923","1036691923","juanpita.chacon@gmail.com","JUAN GABRIEL CHACON ALTUVE","JUAN GABRIEL","CHACON ALTUVE","empleados","JUAN GABRIEL"
"71314126","71314126","71314126","jaimejjgonzalez@hotmail.com","JAIME HERNÁN GONZÁLEZ ZAPATA","JAIME HERNÁN","GONZÁLEZ ZAPATA","empleados","JAIME HERNÁN"
"1017216500","1017216500","1017216500","jhonpenasalazar91@gmail.com","JHON ALEXANDER PEÑA SALAZAR","JHON ALEXANDER","PEÑA SALAZAR","empleados","JHON ALEXANDER"
"1037634086","1037634086","1037634086","julianhurtado14@hotmail.com","CAROLINA MARQUEZ TORRES","CAROLINA","MARQUEZ TORRES","empleados","CAROLINA"
"1020441374","1020441374","1020441374","chica050591@hotmail.com","MARIA ISABEL CHICA OSORIO","MARIA ISABEL","CHICA OSORIO","empleados","MARIA ISABEL"
"1003080473","1003080473","1003080473","carlosmariomazo48@gmail.com","CARLOS MARIO MAZO MAZO","CARLOS MARIO","MAZO MAZO","empleados","CARLOS MARIO"
"1067716600","1067716600","1067716600","locohumildereal1805@gmail.com","RICARDO ANDRES ZAE LOPEZ","RICARDO ANDRES","ZAE LOPEZ","empleados","RICARDO ANDRES"
"6383163","6383163","6383163","juancarlosperezperez1978@gmail.com","JUAN CARLOS PÉREZ PÉREZ","JUAN CARLOS","PÉREZ PÉREZ","empleados","JUAN CARLOS"
"1017228090","1017228090","1017228090","sanchezsanchezjuanpablo421@gmail.com","JUAN PABLO MURIEL SANCHEZ","JUAN PABLO","MURIEL SANCHEZ","empleados","JUAN PABLO"
"42684580","42684580","42684580","yudyestela@hotmail.es","YUDY ESTELLA CASTAÑO  CALLE","YUDY ESTELLA","CASTAÑO  CALLE","empleados","YUDY ESTELLA"
"43735310","43735310","43735310","lunayussef@hotmail.com","SOR MARYORI CASTAÑO  CALLE","SOR MARYORI","CASTAÑO  CALLE","empleados","SOR MARYORI"
"1096192390","1096192390","1096192390","mayiescu@gmail.com","MARIA YOZETH ESCUDERO DÍAZ","MARIA YOZETH","ESCUDERO DÍAZ","empleados","MARIA YOZETH"
"71715220","71715220","71715220","stiven.1999.sbc@gmail.com","LUIS CARLOS BEDOYA ECHEVERRI","LUIS CARLOS","BEDOYA ECHEVERRI","empleados","LUIS CARLOS"
"1044615916","1044615916","1044615916","valeriabossa36@gmail.com","VALERIA ANDREA BOSSA GARCIA","VALERIA ANDREA","BOSSA GARCIA","empleados","VALERIA ANDREA"
"1020490628","1020490628","1020490628","stiven.1999.sbc@gmail.com","BRAYAN STIVEN BEDOYA CORDOBA","BRAYAN STIVEN","BEDOYA CORDOBA","empleados","BRAYAN STIVEN"
"1000292191","1000292191","1000292191","elianmoreno53@gmail.com","ELIAN MORENO","ELIAN","MORENO","empleados","ELIAN"
"1037612161","1037612161","1037612161","valenciagomezluisalfonso@gmail.com","LUIS ALFONSO VALENCIA GÓMEZ","LUIS ALFONSO","VALENCIA GÓMEZ","empleados","LUIS ALFONSO"
"42676894","42676894","42676894","marthanaranjo2011@gmail.com","CARMEN GONZÁLEZ","CARMEN","GONZÁLEZ","empleados","CARMEN"
"70327911","70327911","70327911","barientosmanuela13@gmail.com","OSCAR JAVIER BARRIENTOS","OSCAR JAVIER","BARRIENTOS","empleados","OSCAR JAVIER"
"1035852445","1035852445","1035852445","barientosmanuela14@gmail.com","MANUELA BARRIENTOS CASTRILLON","MANUELA","BARRIENTOS CASTRILLON","empleados","MANUELA"
"15516297","15516297","15516297","manuellujan-567@hotmail.com","MANUEL ALEXANDER LUJAN MENESES","MANUEL ALEXANDER","LUJAN MENESES","empleados","MANUEL ALEXANDER"
"71385055","71385055","71385055","bandogreen1982@gmail.com","ESTEBAN OBANDO ESTRADA","ESTEBAN","OBANDO ESTRADA","empleados","ESTEBAN"
"43613212","43613212","43613212","amalia.sepulveda23@gmail.com","LUZ AMALIA SEPÚLVEDA GIRALDO","LUZ AMALIA","SEPÚLVEDA GIRALDO","empleados","LUZ AMALIA"
"1040746089","1040746089","1040746089","simplementekimberly2@gmail.com","KIMBERLY MARULANDA","KIMBERLY","MARULANDA","empleados","KIMBERLY"
"1035427194","1035427194","1035427194","lauracristinaherrera20@gmail.com","LAURA CRISTINA HERRERA MEJIA","LAURA CRISTINA","HERRERA MEJIA","empleados","LAURA CRISTINA"
"1035222482","1035222482","1035222482","yura1986-12@hotmail.com","YURANI BEDOYA CAÑAS","YURANI","BEDOYA CAÑAS","empleados","YURANI"
"1035 433 412","1035 433 412","1035 433 412","yeisoncartagena70@gmail.com","YEISON ESTIVEN CARTAGENA RODRÍGUEZ","YEISON ESTIVEN","CARTAGENA RODRÍGUEZ","empleados","YEISON ESTIVEN"
"21573598","21573598","21573598","martaduque004@gmail.com","LUZ MARINA ESTRADA UPEGUI","LUZ MARINA","ESTRADA UPEGUI","empleados","LUZ MARINA"
"32181440","32181440","32181440","martaduque004@gmail.com","MARTA ESTELA DUQUE ESTRADA","MARTA ESTELA","DUQUE ESTRADA","empleados","MARTA ESTELA"
"1128428057","1128428057","1128428057","hena0882@gmail.com","CINDY JOHANA HENAO MONSALVE","CINDY JOHANA","HENAO MONSALVE","empleados","CINDY JOHANA"
"10278935","10278935","10278935","carlosmejivillegas@gmail.com","CARLOS ALBERTO MEJIA VILLEGAS","CARLOS ALBERTO","MEJIA VILLEGAS","empleados","CARLOS ALBERTO"
"1010043448","1010043448","1010043448","alejandrogeajales@gmail.c","ALEJANDRO DE JESÚS GRAJALES GIL","ALEJANDRO DE JESÚS","GRAJALES GIL","empleados","ALEJANDRO DE JESÚS"
"43915514","43915514","43915514","erestrepo30@gmail.com","ERIKA MARIA RESTREPO NARANJO","ERIKA MARIA","RESTREPO NARANJO","empleados","ERIKA MARIA"
"71219371","71219371","71219371","afeliperestrepo35@gmail.com","ANDRES FELIPE RESTREPO NARANJO","ANDRES FELIPE","RESTREPO NARANJO","empleados","ANDRES FELIPE"
"1001508311","1001508311","1001508311","yepeschavarriaa@gmail.com","ADRIANA PATRICIA CHAVARRIA CHAVARRIA","ADRIANA PATRICIA","CHAVARRIA CHAVARRIA","empleados","ADRIANA PATRICIA"
"1037777436","1037777436","1037777436","yepeschavarriaa@gmail.com","ANLLY PAOLA YEPES CHAVARRIA","ANLLY PAOLA","YEPES CHAVARRIA","empleados","ANLLY PAOLA"
"1000920513","1000920513","1000920513","munozrobinson661@gmail.com","ROBINSON FERNANDO MUÑOZ JARAMILLO","ROBINSON FERNANDO","MUÑOZ JARAMILLO","empleados","ROBINSON FERNANDO"
"1020457220","1020457220","1020457220","jimerjimer2@gmail.com","JIMER ALBERTO TEJADA PULGARIN","JIMER ALBERTO","TEJADA PULGARIN","empleados","JIMER ALBERTO"
"1020444648","1020444648","1020444648","vannesamoralesm@gmail.com","YORELID VANNESA MORALES MORALES","YORELID VANNESA","MORALES MORALES","empleados","YORELID VANNESA"
"39354614","39354614","39354614","clientemerkahorro@gmil.com","NORALBA CASTRILLÓN","NORALBA","CASTRILLÓN","empleados","NORALBA"
"42693864","42693864","42693864","linaluciacadavidhenao@gmail.com","LINA LUCIA CADAVID HENAO","LINA LUCIA","CADAVID HENAO","empleados","LINA LUCIA"
"1035425767","1035425767","1035425767","monica.mejia.tramites1208@gmail.com","MÓNICA ANDREA MEJÍA COSIO","MÓNICA ANDREA","MEJÍA COSIO","empleados","MÓNICA ANDREA"
"1035421625","1035421625","1035421625","veroalzate1227@hotmail.com","VERONICA ALZATE MORA","VERONICA","ALZATE MORA","empleados","VERONICA"
"43436826","43436826","43436826","ale-jala@hotmail.es","RUTH MARIA PALACIO FORONDA","RUTH MARIA","PALACIO FORONDA","empleados","RUTH MARIA"
"1017239917","1017239917","1017239917","ale-jala@hotmail.es","YESSICA ALEJANDRA FLOREZ PALACIO","YESSICA ALEJANDRA","FLOREZ PALACIO","empleados","YESSICA ALEJANDRA"
"1036518716","1036518716","1036518716","alexahurtado743@gmail.com","LIZETH KARINA VALENCIA HURTADO","LIZETH KARINA","VALENCIA HURTADO","empleados","LIZETH KARINA"
"39360429","39360429","39360429","alexahurtado743@gmail.com","IRMA ALEXANDRA HURTADO OCHOA","IRMA ALEXANDRA","HURTADO OCHOA","empleados","IRMA ALEXANDRA"
"6764181","6764181","6764181","milasonrisa.90@gmail.com","MILAGROS RAMÍREZ","MILAGROS","RAMÍREZ","empleados","MILAGROS"
"70142230","70142230","70142230","leonmejia1983@hotmail.com","EDIER LEON MEJÍA CARMONA","EDIER LEON","MEJÍA CARMONA","empleados","EDIER LEON"
"1036840454","1036840454","1036840454","melisamoralesr099@gmail.com","SARED MORALES","SARED","MORALES","empleados","SARED"
"43905889","43905889","43905889","jomiduque@hotmail.com","JOHANNA MILENA DUQUE GIRALDO","JOHANNA MILENA","DUQUE GIRALDO","empleados","JOHANNA MILENA"
"71253229","71253229","71253229","juanhiguita281100@gmail.com","PEDRO LUIS HIGUITA PEÑA","PEDRO LUIS","HIGUITA PEÑA","empleados","PEDRO LUIS"
"42693835","42693835","42693835","linamarcelabravozapata@gmail.com","LINA MARCELA BRAVO ZAPATA","LINA MARCELA","BRAVO ZAPATA","empleados","LINA MARCELA"
"1139874256","1139874256","1139874256","felipeposadabravo6@gmail.com","FELIPE POSADA BRAVO","FELIPE","POSADA BRAVO","empleados","FELIPE"
"21765322","21765322","21765322","gloriasocorro1956@gmail.com","GLORIA DEL SOCORRO PATITO BUSTAMANTE","GLORIA DEL SOCORRO","PATITO BUSTAMANTE","empleados","GLORIA DEL SOCORRO"
"70329101","70329101","70329101","sergiocadavid87@gmail.com","SERGIO ANDRÉS CADAVID PATIÑO","SERGIO ANDRÉS","CADAVID PATIÑO","empleados","SERGIO ANDRÉS"
"1019011579","1019011579","1019011579","caroljulianacentenojimenez@gmail.com","OLGA JIMÉNEZ","OLGA","JIMÉNEZ","empleados","OLGA"
"1031804322","1031804322","1031804322","caroljulianacentenojimenez@gmail.com","KAROL CENTENO","KAROL","CENTENO","empleados","KAROL"
"1035854701","1035854701","1035854701","carol01gl@hotmail.com","CAROLINA GIRALDO LOPERA","CAROLINA","GIRALDO LOPERA","empleados","CAROLINA"
"1035850135","1035850135","1035850135","jaimesaldarriaga86@gmail.com","JAIME HUMBERTO SALDARRIAGA GIRALDO","JAIME HUMBERTO","SALDARRIAGA GIRALDO","empleados","JAIME HUMBERTO"
"39354460","39354460","39354460","mesacadavidi@gmail.com","ISABEL CRISTINA MESA CADAVID","ISABEL CRISTINA","MESA CADAVID","empleados","ISABEL CRISTINA"
"1046133008","1046133008","1046133008","dianapulgarin1072@gmail.com","DIANA PULGARIN","DIANA","PULGARIN","empleados","DIANA"
"1291331","1291331","1291331","lugomarina675@gmail.com","MARINA DEL CARMEN LUGO LUNA","MARINA DEL CARMEN","LUGO LUNA","empleados","MARINA DEL CARMEN"
"4928310","4928310","4928310","tellodanny117@gmail.com","DANNY TELLO","DANNY","TELLO","empleados","DANNY"
"1001020449","1001020449","1001020449","yormerospina@gmail.com","YORMEN ALEJANDRO OSPINA RUIZ","YORMEN ALEJANDRO","OSPINA RUIZ","empleados","YORMEN ALEJANDRO"
"1042150354","1042150354","1042150354","kelyperezgonzalezzz@gmail.com","KELY JOHANA PÉREZ GONZÁLEZ","KELY JOHANA","PÉREZ GONZÁLEZ","empleados","KELY JOHANA"
"1129523554","1129523554","1129523554","kellyjoa1414@gmail.com","KELLY JOHANA ORTIZ CORREA","KELLY JOHANA","ORTIZ CORREA","empleados","KELLY JOHANA"
"1042063750","1042063750","1042063750","erikavillada.2009@gmail.com","ERIKA JOHANNA VILLADA YEPES","ERIKA JOHANNA","VILLADA YEPES","empleados","ERIKA JOHANNA"
"1035229646","1035229646","1035229646","marin.morales1502@gmail.com","YANCELY JOHANA AGUDELO MORALES","YANCELY JOHANA","AGUDELO MORALES","empleados","YANCELY JOHANA"
"39214902","39214902","39214902","pelusa8219@gmail.com","DORA ALEIDA MUNERA ROJO","DORA ALEIDA","MUNERA ROJO","empleados","DORA ALEIDA"
"1001244059","1001244059","1001244059","marin.morales1502@gmail.com","CARLOS EDUARDO MORALES MARIN","CARLOS EDUARDO","MORALES MARIN","empleados","CARLOS EDUARDO"
"1001248559","1001248559","1001248559","pelusa8219@gmail.com","KEVIN EDUARDO BUSTAMANTE MUNERA","KEVIN EDUARDO","BUSTAMANTE MUNERA","empleados","KEVIN EDUARDO"
"43737270","43737270","43737270","edelsahelena@hotmail.com","HELENA TRUJILLO LONDOÑO","HELENA","TRUJILLO LONDOÑO","empleados","HELENA"
"1007349418","1007349418","1007349418","alejamorenot2611@gmail.com","YEIDY ALEJANDRA MORENO TRUJILLO","YEIDY ALEJANDRA","MORENO TRUJILLO","empleados","YEIDY ALEJANDRA"
"1000885029","1000885029","1000885029","juanmanuelalvarezcordoba72@gmail.com","JUAN MANUEL ALVAREZ CORDOBA","JUAN MANUEL","ALVAREZ CORDOBA","empleados","JUAN MANUEL"
"15507093","15507093","15507093","juanguillermo.arango.osorio@gmail.com","JUAN GUILLERMO ARANGO OSORIO","JUAN GUILLERMO","ARANGO OSORIO","empleados","JUAN GUILLERMO"
"43799066","43799066","43799066","betagraciela1971@gmail.com","GRACIELA MARÍA BETANCURT ESCOBAR","GRACIELA MARÍA","BETANCURT ESCOBAR","empleados","GRACIELA MARÍA"
"3.400.474","3.400.474","3.400.474","elianavalenciagomez@gmail.com","JUAN CARLOS CAMPUZANO ZAPATA","JUAN CARLOS","CAMPUZANO ZAPATA","empleados","JUAN CARLOS"
"1035434693","1035434693","1035434693","dachio9610@gmail.com","DANIEL CHICA OSORIO","DANIEL","CHICA OSORIO","empleados","DANIEL"
"43839797","43839797","43839797","elianavalenciagomez@gmail.com","ELIANA VALENCIA GÓMEZ","ELIANA","VALENCIA GÓMEZ","empleados","ELIANA"
"1003071891","1003071891","1003071891","anyelik-artevi@hotmail.com","ANGELICA MARÍA ARTEAGA VICHE","ANGELICA MARÍA","ARTEAGA VICHE","empleados","ANGELICA MARÍA"
"22744301","22744301","22744301","nataliamolinares881@gmail.com","NELLY MARIA SANABRIA GARCIA","NELLY MARIA","SANABRIA GARCIA","empleados","NELLY MARIA"
"1001237483","1001237483","1001237483","nataliamolinares881@gmail.com","NATALIA MARIA MOLINARES OSSA","NATALIA MARIA","MOLINARES OSSA","empleados","NATALIA MARIA"
"30373406","30373406","30373406","carmonadiego671@gmail.com","CLAUDIA PATRICIA CARMONA AGUDELO","CLAUDIA PATRICIA","CARMONA AGUDELO","empleados","CLAUDIA PATRICIA"
"1035225329","1035225329","1035225329","marianahra18@hotmail.es","ELKIN RODRIGO MESA MENESES","ELKIN RODRIGO","MESA MENESES","empleados","ELKIN RODRIGO"
"1426356","1426356","1426356","castillo210895@gmail.com","ROCÍO YAKELYN CASTILLO CONTRERAS","ROCÍO YAKELYN","CASTILLO CONTRERAS","empleados","ROCÍO YAKELYN"
"1002878757","1002878757","1002878757","lauraoba27@hormail.com","LAURA OBANDO","LAURA","OBANDO","empleados","LAURA"
"42691416","42691416","42691416","anacely80@hotmail.com","ANA CELY CASTAÑO GAVIRIA","ANA CELY","CASTAÑO GAVIRIA","empleados","ANA CELY"
"1035430451","1035430451","1035430451","lorenasolartep@gmail.com","LORENA SOLARTE PINEDA","LORENA","SOLARTE PINEDA","empleados","LORENA"
"1036452289","1036452289","1036452289","sofiapajonc@gmail.com","SOFÍA PAJÓN CASTAÑO","SOFÍA","PAJÓN CASTAÑO","empleados","SOFÍA"
"42689364","42689364","42689364","isamorales0627@gmail.com","CATERINE ALEXANDRA QUIROZ FLORES","CATERINE ALEXANDRA","QUIROZ FLORES","empleados","CATERINE ALEXANDRA"
"1000567950","1000567950","1000567950","jm3889699@gmail.com","YENY VANESSA SERNA BORJA","YENY VANESSA","SERNA BORJA","empleados","YENY VANESSA"
"1041532041","1041532041","1041532041","jm3889699@gmail.com","JUAN FERNANDO SERNA MONTOYA","JUAN FERNANDO","SERNA MONTOYA","empleados","JUAN FERNANDO"
"1063142022","1063142022","1063142022","miguelarteaganarvaez@gmail.com","JUAN MIGUEL ARTEAGA NARVÁEZ","JUAN MIGUEL","ARTEAGA NARVÁEZ","empleados","JUAN MIGUEL"
"1020414979","1020414979","1020414979","annysolarte1687@gmail.com","ANNY JULIETH SOLARTE PINEDA","ANNY JULIETH","SOLARTE PINEDA","empleados","ANNY JULIETH"
"39358294","39358294","39358294","albanellyvangas@gmail.com","ALBA NELLY VANEGAS CASTRILLÓN","ALBA NELLY","VANEGAS CASTRILLÓN","empleados","ALBA NELLY"
"39357085","39357085","39357085","isaacpaumontoya@gmail.com","PAULA ANDREA MONTOYA CORTES","PAULA ANDREA","MONTOYA CORTES","empleados","PAULA ANDREA"
"1017279317","1017279317","1017279317","avimendoza.1985@gmail.com","AVI YAQUELIN MENDOZA TABORDA","AVI YAQUELIN","MENDOZA TABORDA","empleados","AVI YAQUELIN"
"1102896603","1102896603","1102896603","scorpionluis79@gmail.com","ISAMAR VANESSA DURÁN NADALES","ISAMAR VANESSA","DURÁN NADALES","empleados","ISAMAR VANESSA"
"1102896362","1102896362","1102896362","scorpionluis79@gmail.com","LUIS IRUMA DURÁN CRUZ","LUIS IRUMA","DURÁN CRUZ","empleados","LUIS IRUMA"
"75063359","75063359","75063359","jhonjmejiav@hotmail.com","JHON JAIME MEJIA VILLEGAS","JHON JAIME","MEJIA VILLEGAS","empleados","JHON JAIME"
"39354820","39354820","39354820","xcatanohoyos@gmail.com","ADRIANA MARIA HOYOS ECHEVERRI","ADRIANA MARIA","HOYOS ECHEVERRI","empleados","ADRIANA MARIA"
"1102796036","1102796036","1102796036","yulianamartinezflorez@gmail.com","YULIANA MARIA MARTÍNEZ FLOREZ","YULIANA MARIA","MARTÍNEZ FLOREZ","empleados","YULIANA MARIA"
"1037044319","1037044319","1037044319","emanuelmazo2005@gmail.com","EMANUEL MAZO","EMANUEL","MAZO","empleados","EMANUEL"
"1102122043","1102122043","1102122043","martinezflorezrafael13@gmail.com","RAFAEL ANDRES MARTÍNEZ FLOREZ","RAFAEL ANDRES","MARTÍNEZ FLOREZ","empleados","RAFAEL ANDRES"
"21577880","21577880","21577880","anposadacorrea@gmail.com","ANA ISABEL MONTOYA DE CORREA","ANA ISABEL","MONTOYA DE CORREA","empleados","ANA ISABEL"
"39213606","39213606","39213606","adrianacanas5050@gmail.com","ADRIANA MARÍA CAÑAS TABARES","ADRIANA MARÍA","CAÑAS TABARES","empleados","ADRIANA MARÍA"
"71739832","71739832","71739832","jaibermunet@gmail.com","JAIBER ARTURO MUÑETON HERRERA","JAIBER ARTURO","MUÑETON HERRERA","empleados","JAIBER ARTURO"
"1007834062","1007834062","1007834062","nayerlisrodriguezflorez@gmail.com","NAYERLIS RODRIGUEZ FLOREZ","NAYERLIS","RODRIGUEZ FLOREZ","empleados","NAYERLIS"
"1035229781","1035229781","1035229781","joha7924@hotmail.com","LIZETH ZAPATA","LIZETH","ZAPATA","empleados","LIZETH"
"70136892","70136892","70136892","juan71zapata@gmail.com","JUAN DIEGO ZAPATA URIBE","JUAN DIEGO","ZAPATA URIBE","empleados","JUAN DIEGO"
"42682742","42682742","42682742","claudia28tobon@gmail.com","JADUYN MARTINEZ CHAVARRÍA","JADUYN","MARTINEZ CHAVARRÍA","empleados","JADUYN"
"42680075","42680075","42680075","cata62190@gmail.com","MARTHA CECILIA URIBE URIBE","MARTHA CECILIA","URIBE URIBE","empleados","MARTHA CECILIA"
"42694479","42694479","42694479","catalinaru17@hotmail.com","CATALINA RAMOS URIBE","CATALINA","RAMOS URIBE","empleados","CATALINA"
"1035874677","1035874677","1035874677","yaosbio@gmail.com","YEISON ALONSO OSORNO SUCERQUIA","YEISON ALONSO","OSORNO SUCERQUIA","empleados","YEISON ALONSO"
"71450845","71450845","71450845","santicorreac12@gmail.com","NÉSTOR DARÍO CATAÑO CARDONA","NÉSTOR DARÍO","CATAÑO CARDONA","empleados","NÉSTOR DARÍO"
"39358111","39358111","39358111","cavadiapintoe@gmail.com","ELVIA ESTHER CAVADIA PINTO","ELVIA ESTHER","CAVADIA PINTO","empleados","ELVIA ESTHER"
"70140501","70140501","70140501","ospinaelkin320@gmail.com","ELKIN DARIO OSPINA RENDON","ELKIN DARIO","OSPINA RENDON","empleados","ELKIN DARIO"
"71375238","71375238","71375238","jaimed1981@hotmail.com","JAIME DAVID DIAZ OSORIO","JAIME DAVID","DIAZ OSORIO","empleados","JAIME DAVID"
"1017155001","1017155001","1017155001","willigomez55@outlook.es","NORA NELLY HERNÁNDEZ RODRÍGUEZ","NORA NELLY","HERNÁNDEZ RODRÍGUEZ","empleados","NORA NELLY"
"1002999660","1002999660","1002999660","fernandomendoza1095@gmail.com","FERNANDO JAVIER MENDOZA PASTRANA","FERNANDO JAVIER","MENDOZA PASTRANA","empleados","FERNANDO JAVIER"
"1045424475","1045424475","1045424475","miadza@hotmail.com","MILADIS ADRIANA ZAPATA RESTREPO","MILADIS ADRIANA","ZAPATA RESTREPO","empleados","MILADIS ADRIANA"
"1035858682","1035858682","1035858682","eliirestrepo2363@hotmail.com","ELIANA ANDREA RESTREPO AVENDAÑO","ELIANA ANDREA","RESTREPO AVENDAÑO","empleados","ELIANA ANDREA"
"21769532","21769532","21769532","mariaisa2268@hotmail.com","MARIA ISABEL AVENDAÑO OLARTE","MARIA ISABEL","AVENDAÑO OLARTE","empleados","MARIA ISABEL"
"1045437836","1045437836","1045437836","duvanzapata98@gmail.com","DUVAN DENILSON ZAPATA RESTREPO","DUVAN DENILSON","ZAPATA RESTREPO","empleados","DUVAN DENILSON"
"1123994942","1123994942","1123994942","victorhugomoreno885@gmail.com","VÍCTOR HUGO MORENO SANCHEZ MORENO SANCHEZ","VÍCTOR HUGO MORENO SANCHEZ","MORENO SANCHEZ","empleados","VÍCTOR HUGO MORENO SANCHEZ"
"44003671","44003671","44003671","adrianagrajales@gmail.com","ADRIANA GRAJALES","ADRIANA","GRAJALES","empleados","ADRIANA"
"1037948607","1037948607","1037948607","camiloaenascardona@gmail.com","CRISTIAN CAMILO ARENAS CARDONA","CRISTIAN CAMILO","ARENAS CARDONA","empleados","CRISTIAN CAMILO"
"43089173","43089173","43089173","angelamerino17@gmail.com","ANGELA CORTES MERINO","ANGELA CORTES","MERINO","empleados","ANGELA CORTES"
"43799864","43799864","43799864","claudiaarboleda248@gmail.com","CLAUDIA PATRICIA ARBOLEDA URIBE","CLAUDIA PATRICIA","ARBOLEDA URIBE","empleados","CLAUDIA PATRICIA"
"42901379","42901379","42901379","marieug1974@gmail.com","MARÍA EUGENIA ARBOLEDA URIBE","MARÍA EUGENIA","ARBOLEDA URIBE","empleados","MARÍA EUGENIA"
"1407406","1407406","1407406","alondraleal1819@gmail.com","ALONDRA LEAL CHACON","ALONDRA","LEAL CHACON","empleados","ALONDRA"
"1068 667 651","1068 667 651","1068 667 651","mmiguelosorio9@gmail.com","MIGUEL OSORIO","MIGUEL","OSORIO","empleados","MIGUEL"
"4268936443921","4268936443921","4268936443921","angiecarrascal58@gmail.com","ANGIE PAOLA QUIROZ FLORES","ANGIE PAOLA","QUIROZ FLORES","empleados","ANGIE PAOLA"
"1025890599","1025890599","1025890599","catanoruedag@gmail.com","GANDALF CATAÑO RUEDA","GANDALF","CATAÑO RUEDA","empleados","GANDALF"
"1214717215","1214717215","1214717215","cundisalazarr0319@gmail.com","CINDY SALAZAR RAMÍREZ","CINDY","SALAZAR RAMÍREZ","empleados","CINDY"
"70951861","70951861","70951861","carlossalazarramirez175@gmail.com","CARLOS SALAZAR RAMÍREZ","CARLOS","SALAZAR RAMÍREZ","empleados","CARLOS"
"1025888516","1025888516","1025888516","orionfelipe.102588@gmail.com","KAREN LORENA CARVAJAL OSORIO","KAREN LORENA","CARVAJAL OSORIO","empleados","KAREN LORENA"
"1152714734","1152714734","1152714734","aristelvatorres@gmail.com","BRALY STIVEN OSPINA TORRES","BRALY STIVEN","OSPINA TORRES","empleados","BRALY STIVEN"
"6526181","6526181","6526181","marinperezjorgeduvan7@gmail.com","JORGE DUVAN MARÍN PÉREZ","JORGE DUVAN","MARÍN PÉREZ","empleados","JORGE DUVAN"
"1041233701","1041233701","1041233701","yessicaalzatearistizabal@gmail.com","YESSICA ALZATE ARISTIZABAL","YESSICA","ALZATE ARISTIZABAL","empleados","YESSICA"
"1035850108","1035850108","1035850108","lopezdearcodavidenrique@gmail.com","LUCELY MESA HENAO","LUCELY","MESA HENAO","empleados","LUCELY"
"70326650","70326650","70326650","andreasorio1997@gmail.com","LEONEL OSORIO MARIN","LEONEL","OSORIO MARIN","empleados","LEONEL"
"1035876235","1035876235","1035876235","andreasorio1997@gmail.com","TATIANA ANDREA OSORIO VANEGAS","TATIANA ANDREA","OSORIO VANEGAS","empleados","TATIANA ANDREA"
"39356141","39356141","39356141","mazaal123@hotmail.com","MARGARITA MARIA ZAPATA ALZATE","MARGARITA MARIA","ZAPATA ALZATE","empleados","MARGARITA MARIA"
"39353949","39353949","39353949","tapiszapata09@gmail.com","CLAUDIA PATRICIA ZAPATA ALZATE","CLAUDIA PATRICIA","ZAPATA ALZATE","empleados","CLAUDIA PATRICIA"
"43221083","43221083","43221083","melissarios3099@gmail.com","ELENA MARIA RIOS RUIZ","ELENA MARIA","RIOS RUIZ","empleados","ELENA MARIA"
"1140829515","1140829515","1140829515","harlennel2813@gmail.com","EDUARDO RAFAEL TORRES TEJERA","EDUARDO RAFAEL","TORRES TEJERA","empleados","EDUARDO RAFAEL"
"47429212","47429212","47429212","jhonfercastrillon86@gmail.com","YOHANA ORTIZ INOCENCIO","YOHANA","ORTIZ INOCENCIO","empleados","YOHANA"
"1048044103","1048044103","1048044103","jhonfercastrillon86@gmail.com","JHON FERNEY CASTRILLON  MUNERA","JHON FERNEY","CASTRILLON  MUNERA","empleados","JHON FERNEY"
"1035432575","1035432575","1035432575","carolinaarango@gmail.com","CAROLINA ARANGO OSORIO","CAROLINA","ARANGO OSORIO","empleados","CAROLINA"
"70329114","70329114","70329114","jaimecastrillon1982@gmail.com","JAIME ALBERTO CASTRILLON","JAIME ALBERTO","CASTRILLON","empleados","JAIME ALBERTO"
"1152719292","1152719292","1152719292","parraheart7@gmail.com","HEART WHITE PARRA","HEART WHITE","PARRA","empleados","HEART WHITE"
"1037577552","1037577552","1037577552","nicolle-alzate@hotmail.com","VIVIANA PATRICIA ALZATE VELEZ","VIVIANA PATRICIA","ALZATE VELEZ","empleados","VIVIANA PATRICIA"
"5913974","5913974","5913974","aripaola1693@gmail.com","ARIANA OJEDA","ARIANA","OJEDA","empleados","ARIANA"
"1001755650","1001755650","1001755650","estefaniaospina2025@gmail.com","ESTEFANIA CARMONA OSPINA","ESTEFANIA","CARMONA OSPINA","empleados","ESTEFANIA"
"1032010080","1032010080","1032010080","karoldanielarestre123@gmail.com","KAROL DANIELA RESTREPO GÓMEZ","KAROL DANIELA","RESTREPO GÓMEZ","empleados","KAROL DANIELA"
"1235244442","1235244442","1235244442","eudisvilladiego@hotmail.com","EUDIS RAFAEL VILLADIEGO MORENO","EUDIS RAFAEL","VILLADIEGO MORENO","empleados","EUDIS RAFAEL"
"1001747678","1001747678","1001747678","clarahernandez2523@gmail.com","CLARA ELENA BADER HERNÁNDEZ","CLARA ELENA","BADER HERNÁNDEZ","empleados","CLARA ELENA"
"1193556254","1193556254","1193556254","ospiandres09@gmail.com","WILLIAM ANDRES OSPINA","WILLIAM ANDRES","OSPINA","empleados","WILLIAM ANDRES"
"1033426873","1033426873","1033426873","camila13agudelo@gmail.com","MARIA CAMILA AGUDELO RESTREPO","MARIA CAMILA","AGUDELO RESTREPO","empleados","MARIA CAMILA"
"71949425","71949425","71949425","lopezdearcodavidenrique@gmqil.com","DAVID ENRIQUE LÓPEZ DE ARCO","DAVID ENRIQUE","LÓPEZ DE ARCO","empleados","DAVID ENRIQUE"
"21523992","21523992","21523992","kathee.isaza.agudelo@gmail.com","MARÍA EMILIA VILLA ARISMENDY","MARÍA EMILIA","VILLA ARISMENDY","empleados","MARÍA EMILIA"
"1216723584","1216723584","1216723584","kathee.isaza.agudelo@gmail.com","KATHERINE ISAZA AGUDELO","KATHERINE","ISAZA AGUDELO","empleados","KATHERINE"
"42968068","42968068","42968068","katherinlo2623@gmail.com","IRENE ALZATE VALENCIA","IRENE","ALZATE VALENCIA","empleados","IRENE"
"1020426003","1020426003","1020426003","katherinlo2623@gmail.com","KATHERIN LONDOÑO ALZATE","KATHERIN","LONDOÑO ALZATE","empleados","KATHERIN"
"1004543181","1004543181","1004543181","sotelomunares2000@gmail.com","OMAR RODRIGO SOTELO MUNARES","OMAR RODRIGO","SOTELO MUNARES","empleados","OMAR RODRIGO"
"1152456093","1152456093","1152456093","andreor217@gmail.com","SEBASTIAN ORTIZ CUERO","SEBASTIAN","ORTIZ CUERO","empleados","SEBASTIAN"
"1130666406","1130666406","1130666406","andreor217@gmail.com","HILARY ANDREA ORTIZ CUERO","HILARY ANDREA","ORTIZ CUERO","empleados","HILARY ANDREA"
"39352447","39352447","39352447","kayuuli1740@gmail.com","CLAUDIA MARIA RAMIREZ RODRIGUEZ","CLAUDIA MARIA","RAMIREZ RODRIGUEZ","empleados","CLAUDIA MARIA"
"1082471990","1082471990","1082471990","behatrizjimenezcarrascal@gmail.com","BEATRIZ JIMENEZ CARRASCAL","BEATRIZ","JIMENEZ CARRASCAL","empleados","BEATRIZ"
"1035869949","1035869949","1035869949","yuliana-1740@hotmail.com","KAREN YULIANA CATAÑO RAMÍREZ","KAREN YULIANA","CATAÑO RAMÍREZ","empleados","KAREN YULIANA"
"39192068","39192068","39192068","fermarv83@hotmail.com","FERNANDA MARTÍNEZ VALENCIA","FERNANDA","MARTÍNEZ VALENCIA","empleados","FERNANDA"
"71737785","71737785","71737785","gerencia1@merkahorrosas.com","GROELFI LOAIZA LOAIZA","GROELFI","LOAIZA LOAIZA","empleados","GROELFI"
"16051666","16051666","16051666","j.andresmoreno94@gmail.com","JOSE ALQUIBER MORENO MUÑOZ","JOSE ALQUIBER","MORENO MUÑOZ","empleados","JOSE ALQUIBER"
"1020488793","1020488793","1020488793","bladimir.restrepo615@gmail.com","BLADIMIR RESTREPO JARAMILLO","BLADIMIR","RESTREPO JARAMILLO","empleados","BLADIMIR"
"1060267402","1060267402","1060267402","carmonadiego671@gmail.com","DIEGO ALEJANDRO CARMONA AGUDELO","DIEGO ALEJANDRO","CARMONA AGUDELO","empleados","DIEGO ALEJANDRO"
"1036190562","1036190562","1036190562","melisamoralesr099@gmail.com","MELISA MORALES","MELISA","MORALES","empleados","MELISA"
"1035851437","1035851437","1035851437","diegomauriciopresiga@gmail.com","DIEGO MAURICIO PRESIGA URIBE","DIEGO MAURICIO","PRESIGA URIBE","empleados","DIEGO MAURICIO"
"1036631519","1036631519","1036631519","juandavid.hrrr@gmail.com","JUAN DAVID HERRERA","JUAN DAVID","HERRERA","empleados","JUAN DAVID"
"6477871","6477871","6477871","armando.gonzalez1911@hotmail.com","ARMANDO JOSE GONZÁLEZ BARON","ARMANDO JOSE","GONZÁLEZ BARON","empleados","ARMANDO JOSE"
"1039759090","1039759090","1039759090","jufemuga89@gmail.com","JUAN FERNANDO MUNERA GARCÍA","JUAN FERNANDO","MUNERA GARCÍA","empleados","JUAN FERNANDO"
"5336838","5336838","5336838","delahozoelis94@gmail.com","OELIS JOSEFINA DE LA HOZ PATIÑO","OELIS JOSEFINA","DE LA HOZ PATIÑO","empleados","OELIS JOSEFINA"
"5826598","5826598","5826598","luisdavidgonzalezmoran@gmail.com","LUIS DAVID GONZALEZ MORGAN","LUIS DAVID","GONZALEZ MORGAN","empleados","LUIS DAVID"
"1020445235","1020445235","1020445235","jaduyn0718@gmail.com","JADUYN MARTINEZ CHAVARRÍA","JADUYN","MARTINEZ CHAVARRÍA","empleados","JADUYN"
"71450845MACA","71450845MACA","71450845MACA","santicorreac12@gmail.com","NESTOR DARIO CATAÑO CARDONA","NESTOR DARIO","CATAÑO CARDONA","empleados","NESTOR DARIO"
"1035870318","1035870318","1035870318","ynny993@hotmail.com","YENNY ANDREA BARRIENTOS AVENDAÑO","YENNY ANDREA","BARRIENTOS AVENDAÑO","empleados","YENNY ANDREA"
"1011395426","1011395426","1011395426","juanalzate987@gmail.com","JUAN ANDRES ALZATE JARAMILLO","JUAN ANDRES","ALZATE JARAMILLO","empleados","JUAN ANDRES"
"39353578","39353578","39353578","marlenyavendanocordoba@gmail.com","LUZ MARLENY AVENDAÑO CÓRDOBA","LUZ MARLENY","AVENDAÑO CÓRDOBA","empleados","LUZ MARLENY"
"1027881247","1027881247","1027881247","anfezamo2009@hotmail.es","ANDRÉS FELIPE ZAPATA MORALES","ANDRÉS FELIPE","ZAPATA MORALES","empleados","ANDRÉS FELIPE"
"24436887","24436887","24436887","gs6487282@gmail.com","GLORIA PATRICIA SALAZAR GOMEZ","GLORIA PATRICIA","SALAZAR GOMEZ","empleados","GLORIA PATRICIA"
"1193037811","1193037811","1193037811","karenmelo3110@gmail.com","KAREN DAYANA MORALES MELO","KAREN DAYANA","MORALES MELO","empleados","KAREN DAYANA"
"70324948","70324948","70324948","josue-71@hotmail.com","JOSUE CORTES ALZATE","JOSUE","CORTES ALZATE","empleados","JOSUE"
"1017242785","1017242785","1017242785","sdvsfpenagos@gmail.com","SANTIAGO PULGARIN PENAGOS","SANTIAGO PULGARIN","PENAGOS","empleados","SANTIAGO PULGARIN"
"1000635943","1000635943","1000635943","valentinacardona654@gmail.com","VALENTINA PEMBERTY","VALENTINA","PEMBERTY","empleados","VALENTINA"
"39356039","39356039","39356039","lilihincapie75@gmail.com","MARIA LILIAM HINCAPIE ZAPATA","MARIA LILIAM","HINCAPIE ZAPATA","empleados","MARIA LILIAM"
"39359572","39359572","39359572","anamar2583@gmail.com","ANA MARÍA HERRERA GONEZ","ANA MARÍA","HERRERA GONEZ","empleados","ANA MARÍA"
"655755","655755","655755","astridtorres30@hotmail.com","EVELIO DE JESÚS TORRES BUSTAMANTE","EVELIO DE JESÚS","TORRES BUSTAMANTE","empleados","EVELIO DE JESÚS"
"39357760","39357760","39357760","astridtorres30@hotmail.com","IRENE ASTRID TORRES ARBOLEDA","IRENE ASTRID","TORRES ARBOLEDA","empleados","IRENE ASTRID"
"43452605","43452605","43452605","martaamaya1005@gmail.com","MARTA AURORA AMAYA SANCHEZ","MARTA AURORA","AMAYA SANCHEZ","empleados","MARTA AURORA"
"1020466087","1020466087","1020466087","e.nany130522@gmail.com","ELEANY ASTRID OSORIO BETANCUR","ELEANY ASTRID","OSORIO BETANCUR","empleados","ELEANY ASTRID"
"24433400","24433400","24433400","blancabelcygomez@gmsil.com","BLANCA BELCY GÓMEZ SERNA","BLANCA BELCY","GÓMEZ SERNA","empleados","BLANCA BELCY"
"1128278556","1128278556","1128278556","carmenadelacaceres@hotmail.com","CARMEN ADELA CÁCERES ARAMBURO","CARMEN ADELA","CÁCERES ARAMBURO","empleados","CARMEN ADELA"
"1065375087","1065375087","1065375087","osnaidermendoza11@gmail.com","OSNAIDER MENDOZA HERNÁNDEZ","OSNAIDER","MENDOZA HERNÁNDEZ","empleados","OSNAIDER"
"24437457","24437457","24437457","luz307024@gmail.com","LUZ ADRIANA SALAZAR GÓMEZ","LUZ ADRIANA","SALAZAR GÓMEZ","empleados","LUZ ADRIANA"
"43560083","43560083","43560083","carmenadelacaceres@hotmail.com","CARMEN ADELA CÁCERES ARAMBURO","CARMEN ADELA","CÁCERES ARAMBURO","empleados","CARMEN ADELA"
"42694561","42694561","42694561","juanitasj@hotmail.com","JUANITA SERNA ECHEVERRY","JUANITA","SERNA ECHEVERRY","empleados","JUANITA"
"43528660","43528660","43528660","jandersons1006@gmail.com","LUZ MIRIAM AVENDAÑO RODRIGUEZ","LUZ MIRIAM","AVENDAÑO RODRIGUEZ","empleados","LUZ MIRIAM"
"70855327","70855327","70855327","lnaranjo977@gmail.com","LUIS HERNAN NARANJO MARIN","LUIS HERNAN","NARANJO MARIN","empleados","LUIS HERNAN"
"1001463433","1001463433","1001463433","jaramillomadridcristianaz40722@gmail.com","VALENTINA ESPINOSA PINO","VALENTINA","ESPINOSA PINO","empleados","VALENTINA"
"1193547166","1193547166","1193547166","jaramillomadridcristianaz40722@gmail.com","CRISTIAN JARAMILLO MADRID","CRISTIAN","JARAMILLO MADRID","empleados","CRISTIAN"
"42981561","42981561","42981561","rafaestrada18.0@gmail.com","MARGARITA MARIA ESTRADA ARANGO","MARGARITA MARIA","ESTRADA ARANGO","empleados","MARGARITA MARIA"
"1033256043","1033256043","1033256043","rafaestrada18.0@gmail.com","RAFAEL POSADA ESTRADA","RAFAEL","POSADA ESTRADA","empleados","RAFAEL"
"1035231022","1035231022","1035231022","marianahra18@hotmail.es","MARIANA PATIÑO HERRERA","MARIANA","PATIÑO HERRERA","empleados","MARIANA"
"1020456907","1020456907","1020456907","fredymejiaardila1130@hotmail.com","JHON FREDY MEJÍA ARDILA","JHON FREDY","MEJÍA ARDILA","empleados","JHON FREDY"
"1000874089","1000874089","1000874089","katerinramirezb14@gmail.com","KATERINE RAMÍREZ BETANCOURT","KATERINE","RAMÍREZ BETANCOURT","empleados","KATERINE"
"7167973","7167973","7167973","miguelbike89@gmail.com","LUIS MIGUEL PÉREZ FIGUEREDO","LUIS MIGUEL","PÉREZ FIGUEREDO","empleados","LUIS MIGUEL"
"1035867138","1035867138","1035867138","leonardocamargo29091995@gmail.com","LEIDY PATRICIA HOLGUIN ZAPATA","LEIDY PATRICIA","HOLGUIN ZAPATA","empleados","LEIDY PATRICIA"
"1007767578","1007767578","1007767578","edisonmonsalve0823@hotmail.com","EDISON ESNEYDER MONSALVE BEDOYA","EDISON ESNEYDER","MONSALVE BEDOYA","empleados","EDISON ESNEYDER"
"43859079","43859079","43859079","arismendyrestrepoelizabeht@gmail.com","MARÍA ELIZABET ARISMENDY RESTREPO","MARÍA ELIZABET","ARISMENDY RESTREPO","empleados","MARÍA ELIZABET"
"1035425829","1035425829","1035425829","julianhurtado14@hotmail.com","JULIAN ANDRÉS HURTADO AGUDELO","JULIAN ANDRÉS","HURTADO AGUDELO","empleados","JULIAN ANDRÉS"
"2486671","2486671","2486671","jesusmontilla0312@gmail.com","JESUS MONTILLA GONZALEZ","JESUS","MONTILLA GONZALEZ","empleados","JESUS"
"1000872626","1000872626","1000872626","ccordobapalma@gmail.com","CRISTIAN CAMILO CORDOBA PALMA","CRISTIAN CAMILO","CORDOBA PALMA","empleados","CRISTIAN CAMILO"
"1035236757","1035236757","1035236757","jair91676@gmail.com","JAIR ELIAS BEDOYA AGUDELO","JAIR ELIAS","BEDOYA AGUDELO","empleados","JAIR ELIAS"
"1193569837","1193569837","1193569837","soffyfloriand93@gmail.com","SOFFY KAROLAYN FLORIAN CAMARGO","SOFFY KAROLAYN","FLORIAN CAMARGO","empleados","SOFFY KAROLAYN"
"43203338","43203338","43203338","marceladiaz1905@gmail.com","MARCELA DIAZ OSORIO","MARCELA","DIAZ OSORIO","empleados","MARCELA"
"43558295","43558295","43558295","aliceqv43558@hotmail.com","MARÍA ALICE QUIROS","MARÍA ALICE","QUIROS","empleados","MARÍA ALICE"
"1020441461","1020441461","1020441461","lmarcelacg@gmail.com","LINA MARCELA CANO","LINA MARCELA","CANO","empleados","LINA MARCELA"
"1035433087","1035433087","1035433087","clientemk@gmail.co","DANIELA JARAMILLO GONZALEZ","DANIELA","JARAMILLO GONZALEZ","empleados","DANIELA"
"1001391214","1001391214","1001391214","stefaniaperez755@gmail.com","ESTEFANIA PEREZ LOPEZ","ESTEFANIA","PEREZ LOPEZ","empleados","ESTEFANIA"
"1000437952","1000437952","1000437952","wzuleimaperezl@gmail.com","WENDY ZULEIMA PEREZ LOPEZ","WENDY ZULEIMA","PEREZ LOPEZ","empleados","WENDY ZULEIMA"
"1072745436","1072745436","1072745436","betancurf62@gmail.co","DIEGO FERNANDO BETANCUR BETANCUR","DIEGO FERNANDO","BETANCUR BETANCUR","empleados","DIEGO FERNANDO"
"1017924428","1017924428","1017924428","ig178907@gmail.com","ISABELLA GAVIRIA","ISABELLA","GAVIRIA","empleados","ISABELLA"
"1035235455","1035235455","1035235455","camilalayos4@gmail.com","JUAN STEVEN TABARES CORDOBA","JUAN STEVEN","TABARES CORDOBA","empleados","JUAN STEVEN"
"1022125310","1022125310","1022125310","lililop06a@gmail.com","LILIANA LOPEZ","LILIANA","LOPEZ","empleados","LILIANA"
"24846635","24846635","24846635","cristinaalzate78@hotmail.com","MARÍA DOLORES CASTAÑEDA DE ALZATE","MARÍA DOLORES","CASTAÑEDA DE ALZATE","empleados","MARÍA DOLORES"
"1035444244","1035444244","1035444244","colddeniz8@gmail.com","JOSÉ ALEJANDRO DENIZ ORTEGA","JOSÉ ALEJANDRO","DENIZ ORTEGA","empleados","JOSÉ ALEJANDRO"
"39357233","39357233","39357233","cristinaalzate78@hotmail.com","ADRIANA CRISTINA ALZATE CASTAÑEDA","ADRIANA CRISTINA","ALZATE CASTAÑEDA","empleados","ADRIANA CRISTINA"
"42692195","42692195","42692195","luiferca06@gmail.com","ALEJANDRA MARIA CADAVID USUGA","ALEJANDRA MARIA","CADAVID USUGA","empleados","ALEJANDRA MARIA"
"1035414132","1035414132","1035414132","jhonedisondiazpuerta@gmail.com","JHON EDISON DIAZ PUERTA","JHON EDISON","DIAZ PUERTA","empleados","JHON EDISON"
"80904284","80904284","80904284","hades196@gmail.com","JEYSSON CUBILLOS FRANCO","JEYSSON","CUBILLOS FRANCO","empleados","JEYSSON"
"21764277","21764277","21764277","saanma.2107@gmail.com","AMPARO DE JESUS CADAVID FORONDA","AMPARO DE JESUS","CADAVID FORONDA","empleados","AMPARO DE JESUS"
"1193100718","1193100718","1193100718","dahianamira17@gmail.com","DAHIANNA MIRA GRANDA","DAHIANNA","MIRA GRANDA","empleados","DAHIANNA"
"8353170","8353170","8353170","srrodriguezz@gmail.com","HERNÁNDEZ JESÚS RODRIGUEZ","HERNÁNDEZ JESÚS","RODRIGUEZ","empleados","HERNÁNDEZ JESÚS"
"39213441","39213441","39213441","sily41@hotmail.com","SILVIA CHAVERRA MUNERA","SILVIA","CHAVERRA MUNERA","empleados","SILVIA"
"1035235929","1035235929","1035235929","julianathomas14@hotmail.com","JULIANA JARAMILLO CHAVERRA","JULIANA","JARAMILLO CHAVERRA","empleados","JULIANA"
"1001385503","1001385503","1001385503","lrios5737@gmail.com","LAURA CAMILA RIOS CHAVERRA","LAURA CAMILA","RIOS CHAVERRA","empleados","LAURA CAMILA"
"4368403","4368403","4368403","lukemusic2000@gmail.com","EZEQUIEL ALEXANDER LUQUE RODRIGUEZ","EZEQUIEL ALEXANDER","LUQUE RODRIGUEZ","empleados","EZEQUIEL ALEXANDER"
"1035442866","1035442866","1035442866","andersonsolisgoez11@gmail.com","ANDERSON SOLIS GOEZ","ANDERSON","SOLIS GOEZ","empleados","ANDERSON"
"1035229874","1035229874","1035229874","nany16k@gmail.com","WENDY KATHERINE CATAÑO CATAÑO","WENDY KATHERINE","CATAÑO CATAÑO","empleados","WENDY KATHERINE"
"1035228689","1035228689","1035228689","yesyka0503@hotmai.com","YESICA MARIA PALACIO MORA","YESICA MARIA","PALACIO MORA","empleados","YESICA MARIA"
"1035857545","1035857545","1035857545","richardsilvarodriguez516@gmail.com","RICHARD SILVA RODRÍGUEZ","RICHARD","SILVA RODRÍGUEZ","empleados","RICHARD"
"70140841","70140841","70140841","edupamo14@hotmail.com","EDUARDO ALEXANDER PALACIO MORA","EDUARDO ALEXANDER","PALACIO MORA","empleados","EDUARDO ALEXANDER"
"1023724907","1023724907","1023724907","osorioayalamariadaniela@gmail.com","MARIA DANIELA OSORIO AYALA","MARIA DANIELA","OSORIO AYALA","empleados","MARIA DANIELA"
"1035867515","1035867515","1035867515","mejiamariaalejandra95@gmail.com","MARÍA ALEJANDRA MEJÍA SERNA","MARÍA ALEJANDRA","MEJÍA SERNA","empleados","MARÍA ALEJANDRA"
"1007243714","1007243714","1007243714","santinocorleone721@gmail.com","SANTIAGO VIVARES","SANTIAGO","VIVARES","empleados","SANTIAGO"
"15518517","15518517","15518517","jhonfredymartinezc28@gmail.com","JHON FREDY MARTINEZ CARDONA","JHON FREDY","MARTINEZ CARDONA","empleados","JHON FREDY"
"1102805137","1102805137","1102805137","williamromerolopez23@gmail.com","WILLIAM ALFONSO ROMERO LOPEZ ROMERO","WILLIAM ALFONSO ROMERO LOPEZ","ROMERO","empleados","WILLIAM ALFONSO ROMERO LOPEZ"
"1035854902","1035854902","1035854902","elianacastrillon193@gmail.com","ELIANA CASTRILLON BUSTAMANTE","ELIANA","CASTRILLON BUSTAMANTE","empleados","ELIANA"
"1035856575","1035856575","1035856575","cadavidsalda@hotmail.com","JOHANA CADAVID SALDARRIAGA","JOHANA","CADAVID SALDARRIAGA","empleados","JOHANA"
"43915258","43915258","43915258","leidysuarez0612@gmail.com","LEIDY MILENA SUÁREZ LOPEZ","LEIDY MILENA","SUÁREZ LOPEZ","empleados","LEIDY MILENA"
"25627766","25627766","25627766","eduarmapallo2008@gmail.com","MARTHA LUCIA ANDRADE","MARTHA","LUCIA ANDRADE","empleados","MARTHA"
"5676424","5676424","5676424","cletos1977@gmail.com","RICHARD ANTONIO MENDOZA","RICHARD ANTONIO","MENDOZA","empleados","RICHARD ANTONIO"
"8164356","8164356","8164356","afri0917@gmail.com","ANDRÉS FELIPE RODRÍGUEZ IBARBO","ANDRÉS FELIPE","RODRÍGUEZ IBARBO","empleados","ANDRÉS FELIPE"
"1039884623","1039884623","1039884623","cene125@hotmail.com","CLAUDIA MARÍN BEDOYA","CLAUDIA","MARÍN BEDOYA","empleados","CLAUDIA"
"1060237642","1060237642","1060237642","eduarmapallo2008@gmail.com","GREIZON EDUAR ANDRADE","GREIZON EDUAR","ANDRADE","empleados","GREIZON EDUAR"
"1193233099","1193233099","1193233099","aluyane@hotmail.com","ALEJANDRA NORELA MORENO","ALEJANDRA","NORELA MORENO","empleados","ALEJANDRA"
"2000011698","2000011698","2000011698","leonardocamargo29091995@gmail.com","LEONARDO JOSÉ CAMARGO FRUTO","LEONARDO JOSÉ","CAMARGO FRUTO","empleados","LEONARDO JOSÉ"
"21443160","21443160","21443160","maryluzbm15@gmail.com","MARY LUZ BERRIO MADRIGAL","MARY LUZ","BERRIO MADRIGAL","empleados","MARY LUZ"
"1035422378","1035422378","1035422378","nati-123.789@hotmail.com","LEIDY JOHANA HERNANDEZ","LEIDY JOHANA","HERNANDEZ","empleados","LEIDY JOHANA"
"1035416381","1035416381","1035416381","nati-123.789@hotmail.com","MARIA NATALIA HERNANDEZ","MARIA NATALIA","HERNANDEZ","empleados","MARIA NATALIA"
"1035431502","1035431502","1035431502","laurarb611@gmail.com","LAURA RODRIGUEZ BEDOYA","LAURA","RODRIGUEZ BEDOYA","empleados","LAURA"
"70325585","70325585","70325585","srrodriguezz@gmail.com","SERGIO IVAN RODRIGUEZ LONDOÑO","SERGIO IVAN","RODRIGUEZ LONDOÑO","empleados","SERGIO IVAN"
"42821805","42821805","42821805","movelocampo@gmail.com","MONICA DEL SOCORRO VELEZ OCAMPO","MONICA DEL SOCORRO","VELEZ OCAMPO","empleados","MONICA DEL SOCORRO"
"32296315","32296315","32296315","tatymoni6315@gmail.com","TATIANA URREGO VELEZ","TATIANA","URREGO VELEZ","empleados","TATIANA"
"15523091","15523091","15523091","lauragudelo2010@gmail.com","JOSÉ ALONSO VÉLEZ RIOS","JOSÉ ALONSO","VÉLEZ RIOS","empleados","JOSÉ ALONSO"
"1017195858","1017195858","1017195858","lauragudelo2010@gmail.com","LAURA VICTORIA AGUDELO PÉREZ","LAURA VICTORIA","AGUDELO PÉREZ","empleados","LAURA VICTORIA"
"1035420731","1035420731","1035420731","vanessamolinaress@gmail.com","VANNESSA MOLINARES SANABRIA","VANNESSA","MOLINARES SANABRIA","empleados","VANNESSA"
"5445850","5445850","5445850","yulimarolivera10@gmail.com","STANLING JOSE CÁCERES JIMENEZ","STANLING JOSE","CÁCERES JIMENEZ","empleados","STANLING JOSE"
"1065807738","1065807738","1065807738","kellyseb2652@gmail.com","KELLYS JAELL DE LA CRUZ","KELLYS JAELL","DE LA CRUZ","empleados","KELLYS JAELL"
"1017132697","1017132697","1017132697","daniel.v87@outlook.com","VICTOR DANIEL CORREA CUARTAS","VICTOR DANIEL","CORREA CUARTAS","empleados","VICTOR DANIEL"
"42678787","42678787","42678787","aleidapinedag52@gmail.com","ALEIDA DE JESUS PINEDA GUTIERREZ","ALEIDA DE JESUS","PINEDA GUTIERREZ","empleados","ALEIDA DE JESUS"
"15518738","15518738","15518738","argeh@gmail.com","ARGEMIRO HERRERA","ARGEMIRO","HERRERA","empleados","ARGEMIRO"
"42694078","42694078","42694078","guerra.claudia888@gmail.com","CLAUDIA PATRICIA GUERRA MEDINA","CLAUDIA PATRICIA","GUERRA MEDINA","empleados","CLAUDIA PATRICIA"
"39359292","39359292","39359292","cavadiapinton@gmail.com","NANCY CAVADIA","NANCY","CAVADIA","empleados","NANCY"
"1017160554","1017160554","1017160554","restrepojulieth624@gmail.com","JULIETH VIVIANA RESTREPO OBANDO","JULIETH VIVIANA","RESTREPO OBANDO","empleados","JULIETH VIVIANA"
"1143374775","1143374775","1143374775","anlydra2426@hotmail.com","ANDRES FELIPE CAMACHO RUEDA","ANDRES FELIPE","CAMACHO RUEDA","empleados","ANDRES FELIPE"
"1007637121","1007637121","1007637121","keinerpereira0@gmail.com","KEINER PEREIRA VILLALBA","KEINER","PEREIRA VILLALBA","empleados","KEINER"
"1007570854","1007570854","1007570854","salazar1007570854@gmail.com","ADRIÁN HUMBERTO SALAZAR JARAMILLO","ADRIÁN HUMBERTO","SALAZAR JARAMILLO","empleados","ADRIÁN HUMBERTO"
"92530842","92530842","92530842","josgre0419@gmail.com","JOSÉ GREGORIO HERAZO NÚÑEZ","JOSÉ GREGORIO","HERAZO NÚÑEZ","empleados","JOSÉ GREGORIO"
"42681255","42681255","42681255","valenfm0306@gmail.com","MARGARITA MONTOYA","MARGARITA","MONTOYA","empleados","MARGARITA"
"98581496","98581496","98581496","edgaralzate101721@gmail.com","EDGAR ALZATE ALVAREZ","EDGAR","ALZATE ALVAREZ","empleados","EDGAR"
"1033486394","1033486394","1033486394","valenfm0306@gmail.com","VALENTINA FLÓREZ MONTOYA","VALENTINA","FLÓREZ MONTOYA","empleados","VALENTINA"
"42692635","42692635","42692635","jeronimomartinez1012@gmail.com","VIVIANA RODRÍGUEZ HERNÁNDEZ","VIVIANA","RODRÍGUEZ HERNÁNDEZ","empleados","VIVIANA"
"38202649","38202649","38202649","astricita1970@gmail.com","NORMA ASTRID AVENDAÑO DELGADO","NORMA ASTRID","AVENDAÑO DELGADO","empleados","NORMA ASTRID"
"91160748","91160748","91160748","vivijerosebas@gmail.com","JUAN SEBASTIAN MARTINEZ ARREDONDO","JUAN SEBASTIAN","MARTINEZ ARREDONDO","empleados","JUAN SEBASTIAN"
"35820855","35820855","35820855","alyus2008@gmail.com","YULIANA VERGARA LAMBRAÑO","YULIANA","VERGARA LAMBRAÑO","empleados","YULIANA"
"1001972670","1001972670","1001972670","vasimi5621@gmail.com","LAURA ARIZA","LAURA","ARIZA","empleados","LAURA"
"39205992","39205992","39205992","beatrizsuarez1890@gmail.com","BEATRIZ ELENA SUÁREZ ESCOBAR","BEATRIZ ELENA","SUÁREZ ESCOBAR","empleados","BEATRIZ ELENA"
"1035854820","1035854820","1035854820","xcatanohoyos@gmail.com","XIMENA CATAÑO HOYOS","XIMENA","CATAÑO HOYOS","empleados","XIMENA"
"1035869139","1035869139","1035869139","verokito20@hotmail.com","VERONICA CADAVID CARMONA","VERONICA","CADAVID CARMONA","empleados","VERONICA"
"70141604","70141604","70141604","carlosmvalencia894@gmail.com","CARLOS MARIO RUIZ VALENCIA","CARLOS MARIO","RUIZ VALENCIA","empleados","CARLOS MARIO"
"1038386263","1038386263","1038386263","juandavid25mm@gmail.com","JUAN DAVID MARTINEZ MUÑOZ","JUAN DAVID","MARTINEZ MUÑOZ","empleados","JUAN DAVID"
"43432007","43432007","43432007","jhonatanarrebui0815@gmail.com","LUCELLY BUILES","LUCELLY","BUILES","empleados","LUCELLY"
"1035415943","1035415943","1035415943","isazapedro06@gmail.com","SIMON ISAZA ALDANA","SIMON","ISAZA ALDANA","empleados","SIMON"
"1020425577","1020425577","1020425577","jhonatanarrebui0815@gmail.com","JHONATAN ARREDONDO BUILES","JHONATAN","ARREDONDO BUILES","empleados","JHONATAN"
"1035873788","1035873788","1035873788","alejandro02cp@gmail.com","CRISTHIAN ALEJANDRO CORDOBA POSADA","CRISTHIAN ALEJANDRO","CORDOBA POSADA","empleados","CRISTHIAN ALEJANDRO"
"1000660490","1000660490","1000660490","luisafernandacordibaposada@gmail.com","LUISA FERNANDA CORDOBA POSADA","LUISA FERNANDA","CORDOBA POSADA","empleados","LUISA FERNANDA"
"1035857747","1035857747","1035857747","saanma.2107@gmail.com","SANDRA JHANET MOLINA CADAVID","SANDRA JHANET","MOLINA CADAVID","empleados","SANDRA JHANET"
"8338588","8338588","8338588","sanchezospinacristian@gmail.com","HECTOR ENRIQUE SANCHEZ GIL","HECTOR ENRIQUE","SANCHEZ GIL","empleados","HECTOR ENRIQUE"
"1146439162","1146439162","1146439162","sanchezospinacristian@gmail.com","CRISTIAN STIVEN SANCHEZ OSPINA","CRISTIAN STIVEN","SANCHEZ OSPINA","empleados","CRISTIAN STIVEN"
"3458306","3458306","3458306","rbustamante25671@gmail.com","RUBÉN ANTONIO BUSTAMANTE QUICENO","RUBÉN ANTONIO","BUSTAMANTE QUICENO","empleados","RUBÉN ANTONIO"
"15509963","15509963","15509963","rbustamante25671@gmail.com","RUBEN BUSTAMANTE","RUBEN","BUSTAMANTE","empleados","RUBEN"
"1033426291","1033426291","1033426291","yeniferrestrepo1911@hotmail.com","YENIFER SALAZAR RESTREPO","YENIFER","SALAZAR RESTREPO","empleados","YENIFER"
"43926366","43926366","43926366","dczv39@gmail.com","DIANA CRISTINA ZULUAGA VALENCIA","DIANA CRISTINA","ZULUAGA VALENCIA","empleados","DIANA CRISTINA"
"42679397","42679397","42679397","riveramariaeugenia64@gmail.com","MARIA EUGENIA RIVERA CASTRO","MARIA EUGENIA","RIVERA CASTRO","empleados","MARIA EUGENIA"
"39209129","39209129","39209129","manuela-80@hotmail.com","CLAUDIA HURTADO HENAO","CLAUDIA","HURTADO HENAO","empleados","CLAUDIA"
"1007504807","1007504807","1007504807","juanhiguita281100@gmail.com","JUAN DIEGO HIGUITA PARRA","JUAN DIEGO","HIGUITA PARRA","empleados","JUAN DIEGO"
"1041230440","1041230440","1041230440","monicajohana2290@gmail.com","MONICA QUINTERO","MONICA","QUINTERO","empleados","MONICA"
"1007765512","1007765512","1007765512","yeca11ortiz@gmail.com","JESSICA ALEJANDRA VARGAS ORTIZ","JESSICA ALEJANDRA","VARGAS ORTIZ","empleados","JESSICA ALEJANDRA"
"1017179559","1017179559","1017179559","claudiavs0503@gmail.com","CLAUDIA PATRICIA VARGAS SILVA","CLAUDIA PATRICIA","VARGAS SILVA","empleados","CLAUDIA PATRICIA"
"1007306679","1007306679","1007306679","juanesmunoz1555@gmail.com","JUAN ESTEBAN MUÑOZ LONDOÑO","JUAN ESTEBAN","MUÑOZ LONDOÑO","empleados","JUAN ESTEBAN"
"21728750","21728750","21728750","jovanny1981@hotmail.es","MARÍA SONIA CORREA","MARÍA SONIA","CORREA","empleados","MARÍA SONIA"
"1036940592","1036940592","1036940592","jovanny1991@hotmail.es","JOVANNY TORO","JOVANNY","TORO","empleados","JOVANNY"
"1001587417","1001587417","1001587417","jhoancamilohernandezgonzalez@gmail.com","JHOAN CAMILO HERNÁNDEZ GONZÁLEZ","JHOAN CAMILO","HERNÁNDEZ GONZÁLEZ","empleados","JHOAN CAMILO"
"1001845766","1001845766","1001845766","quicenoanyii@gmail.com","ANYI DARYERI QUICENO GARCÍA","ANYI DARYERI","QUICENO GARCÍA","empleados","ANYI DARYERI"
"1021803158","1021803158","1021803158","susanaacevedo999@gmail.com","SUSANA QUINTERO ACEVEDO","SUSANA","QUINTERO ACEVEDO","empleados","SUSANA"
"1054989629","1054989629","1054989629","escobarnancy800@gmail.com","NANCY JHANET ESCOBAR MUÑOZ","NANCY JHANET","ESCOBAR MUÑOZ","empleados","NANCY JHANET"
"1035866173","1035866173","1035866173","andreagarcia0893@gmail.com","PAULA ANDREA VELASQUEZ GARCIA","PAULA ANDREA","VELASQUEZ GARCIA","empleados","PAULA ANDREA"
"1035230845","1035230845","1035230845","tatica0414@hotmail.com","LEIDY TATIANA MARÍN RÍOS","LEIDY TATIANA","MARÍN RÍOS","empleados","LEIDY TATIANA"
"1035231195","1035231195","1035231195","marllykarina95@gmail.com","MARLLY KARINA CATAÑO CATAÑO","MARLLY KARINA","CATAÑO CATAÑO","empleados","MARLLY KARINA"
"21653892","21653892","21653892","floriuz@gmail.com","FLOR JANETH RUIZ ESPINOZA","FLOR JANETH","RUIZ ESPINOZA","empleados","FLOR JANETH"
"1193139714","1193139714","1193139714","lauraospinamanosalva18@gmail.com","LAURA MELISSA OSPINA MANOSALVA","LAURA MELISSA","OSPINA MANOSALVA","empleados","LAURA MELISSA"
"1033369546","1033369546","1033369546","ramirezherreraalexander1988@gmail.com","ALEXANDER RAMIREZ HERRERA","ALEXANDER","RAMIREZ HERRERA","empleados","ALEXANDER"
"4572277","4572277","4572277","leycarol@gmail.com","LEYVIS CAROLINA ROBLES SANDOVAL","LEYVIS CAROLINA","ROBLES SANDOVAL","empleados","LEYVIS CAROLINA"
"43484262","43484262","43484262","cortesruizkely@gmail.com","KELY JOHANNA CORTES RUIZ","KELY JOHANNA","CORTES RUIZ","empleados","KELY JOHANNA"
"21523882","21523882","21523882","carolinamaria1986@hotmail.com","ROCIO AGUDELO LOPEZ","ROCIO","AGUDELO LOPEZ","empleados","ROCIO"
"1035420374","1035420374","1035420374","vazaagu@gmail.com","LILLYBETH FLOREZ","LILLYBETH","FLOREZ","empleados","LILLYBETH"
"42692957","42692957","42692957","maximanuel0711@gmail.com","MARÍA ELIZABETH CADAVID HENAO","MARÍA ELIZABETH","CADAVID HENAO","empleados","MARÍA ELIZABETH"
"2041671","2041671","2041671","madebravoguevara@gimail.com","MADELEINE DE LOS ÁNGELES BRAVO GUEVARA","MADELEINE DE LOS ÁNGELES","BRAVO GUEVARA","empleados","MADELEINE DE LOS ÁNGELES"
"1035911171","1035911171","1035911171","cardenas8787@hotmail.com","JUAN CAMILO GARCÍA CÁRDENAS","JUAN CAMILO","GARCÍA CÁRDENAS","empleados","JUAN CAMILO"
"1036620792","1036620792","1036620792","luis1203henao@gmail.com","LUIS JAVIER HENAO SÁNCHEZ","LUIS JAVIER","HENAO SÁNCHEZ","empleados","LUIS JAVIER"
"70139437","70139437","70139437","jfsagudelo77@gmail.com","JUAN FERNANDO SÁNCHEZ AGUDELO","JUAN FERNANDO","SÁNCHEZ AGUDELO","empleados","JUAN FERNANDO"
"1035429816","1035429816","1035429816","vazaagu@gmail.com","VANESSA ZAPATA AGUDELO","VANESSA","ZAPATA AGUDELO","empleados","VANESSA"
"4913745","4913745","4913745","bravoguevaramariam@gmail.com","MARIAM PATRICIA BRAVO GUEVARA","MARIAM PATRICIA","BRAVO GUEVARA","empleados","MARIAM PATRICIA"
"1202833","1202833","1202833","elianasalazar87@hotmail.com","ELIANA MARLIN SALAZAR ZAMBRANO","ELIANA MARLIN","SALAZAR ZAMBRANO","empleados","ELIANA MARLIN"
"1033426177","1033426177","1033426177","agudelomariana286@gmail.com","MARIANA AGUDELO VANEGAS","MARIANA","AGUDELO VANEGAS","empleados","MARIANA"
"1001812674","1001812674","1001812674","alejandromedinaareiza@gmail.com","ALEJANDRO MEDINA AREIZA","ALEJANDRO","MEDINA AREIZA","empleados","ALEJANDRO"
"15515709","15515709","15515709","vasquezfredy@hotmail.com","JOHN FREDY VASQUEZ MONTOYA","JOHN FREDY","VASQUEZ MONTOYA","empleados","JOHN FREDY"
"1035224270","1035224270","1035224270","juanvalenciahenao18@gmail.com","JUAN VALENCIA","JUAN","VALENCIA","empleados","JUAN"
"22002023","22002023","22002023","anllyjulianagiraldoespinosa@gmail.com","IRIS ADRIANA GIRALDO","IRIS ADRIANA","GIRALDO","empleados","IRIS ADRIANA"
"1110588592","1110588592","1110588592","cristinajaramillo0718@gmail.com","ISABEL CRISTINA HENAO JARAMILLO","ISABEL CRISTINA","HENAO JARAMILLO","empleados","ISABEL CRISTINA"
"1035233115","1035233115","1035233115","anllyjulianagiraldoespinosa@gmail.com","ANLLY JULIANA GIRALDO ESPINOSA","ANLLY JULIANA","GIRALDO ESPINOSA","empleados","ANLLY JULIANA"
"1039683346","1039683346","1039683346","jhonatanalexandergomezgomez58@gmail.com","KEYLA DAVIANA SUÁREZ GÓMEZ","KEYLA DAVIANA","SUÁREZ GÓMEZ","empleados","KEYLA DAVIANA"
"1007466377","1007466377","1007466377","melissarios3099@gmail.com","ANGY MELISSA RAMIREZ RIOS","ANGY MELISSA","RAMIREZ RIOS","empleados","ANGY MELISSA"
"1039689606","1039689606","1039689606","monicaleonelagomezgomez@gmail.com","MÓNICA LEONELA GOMEZ GÓMEZ","MÓNICA LEONELA","GOMEZ GÓMEZ","empleados","MÓNICA LEONELA"
"37292153","37292153","37292153","saragomezbenitez008@gmail.com","SARA GOMEZ","SARA","GOMEZ","empleados","SARA"
"5009737","5009737","5009737","jhoselinamaro08@gmail.com","JHAIMAR JHOSELIN AMARO ROBLES","JHAIMAR JHOSELIN","AMARO ROBLES","empleados","JHAIMAR JHOSELIN"
"1025644737","1025644737","1025644737","isamorales0627@gmail.com","ISABELLA MORALES VALENCIA","ISABELLA","MORALES VALENCIA","empleados","ISABELLA"
"43629200","43629200","43629200","juanc7219@hotmail.com","MÓNICA YANET POSADA RAMÍREZ","MÓNICA YANET","POSADA RAMÍREZ","empleados","MÓNICA YANET"
"1035857252","1035857252","1035857252","jesicagarcia34@hotmail.com","JESICA PAOLA GARCIA MARIN","JESICA PAOLA","GARCIA MARIN","empleados","JESICA PAOLA"
"98479296","98479296","98479296","jhondariorestrepo123@gmail.com","JOHN DARÍO RESTREPO QUINTERO","JOHN DARÍO","RESTREPO QUINTERO","empleados","JOHN DARÍO"
"39359539","39359539","39359539","alejandravalencia3m@gmail.com","ALEJANDRA MARIA VALENCIA","ALEJANDRA MARIA","VALENCIA","empleados","ALEJANDRA MARIA"
"1054926063","1054926063","1054926063","oscarandres9809@hotmail.com","OSCAR ANDRES SÁNCHEZ ARBOLEDA","OSCAR ANDRES","SÁNCHEZ ARBOLEDA","empleados","OSCAR ANDRES"
"43456018","43456018","43456018","leidyjohanaramirezjaramillo@gmail.com","MARÍA REGINA JARAMILLO LOAIZA","MARÍA REGINA","JARAMILLO LOAIZA","empleados","MARÍA REGINA"
"1040041135","1040041135","1040041135","leidyjohanaramirezjaramillo@gmail.com","LEIDY JOHANA RAMIREZ JARAMILLO","LEIDY JOHANA","RAMIREZ JARAMILLO","empleados","LEIDY JOHANA"
"1129584032","1129584032","1129584032","6santimoreno3@gmail.com","SANTIAGO MORENO MURILLO","SANTIAGO","MORENO MURILLO","empleados","SANTIAGO"
"39355495","39355495","39355495","espabu17@gmail.com","LUZ ESTELLA PATIÑO BUSTAMANTE","LUZ ESTELLA","PATIÑO BUSTAMANTE","empleados","LUZ ESTELLA"
"43917420","43917420","43917420","marthanaranjo2011@gmail.com","MARTHA LUCIA NARANJO","MARTHA LUCIA","NARANJO","empleados","MARTHA LUCIA"
"43663931","43663931","43663931","valerialaramesa@gmail.com","CANDIDA ROSA MESA MARIN","CANDIDA ROSA","MESA MARIN","empleados","CANDIDA ROSA"
"1035444355","1035444355","1035444355","valerialaramesa@gmail.com","VALERIA MILAGRO LARA MSA","VALERIA MILAGRO","LARA MSA","empleados","VALERIA MILAGRO"
"1030552051","1030552051","1030552051","cristianmoisanfm@gmail.com","CRISTIAN MOISAN FONSECA MORENO","CRISTIAN MOISAN","FONSECA MORENO","empleados","CRISTIAN MOISAN"
"1017195292","1017195292","1017195292","estebanhinata@hotmail.com","ALFONSO ESTEBAN PEÑA PEREZ","ALFONSO ESTEBAN","PEÑA PEREZ","empleados","ALFONSO ESTEBAN"
"1152464481","1152464481","1152464481","lauramelissa97@hotmail.com","LAURA MELISSA CARO MACÍAS","LAURA MELISSA","CARO MACÍAS","empleados","LAURA MELISSA"
"1036190558","1036190558","1036190558","diomedes.escobar0507@gmail.com","DIOMEDES ESCOBAR","DIOMEDES","ESCOBAR","empleados","DIOMEDES"
"1035231030","1035231030","1035231030","manuela-80@hotmail.com","MANUELA GAVIRIA PÉREZ","MANUELA","GAVIRIA PÉREZ","empleados","MANUELA"
"39353333","39353333","39353333","santi.velas19@gmail.com","LYDA MARIA GARCÍA GAVIRIA","LYDA MARIA","GARCÍA GAVIRIA","empleados","LYDA MARIA"
"1035871373","1035871373","1035871373","santi.velas19@gmail.com","SANTIAGO VELASCO GARCÍA","SANTIAGO","VELASCO GARCÍA","empleados","SANTIAGO"
"42679070","42679070","42679070","mgoenaga534@gmail.com","NORA ALBA A RANGO SOSA","NORA ALBA","A RANGO SOSA","empleados","NORA ALBA"
"8643839","8643839","8643839","mgoenaga534@gmail.com","MAURICIO RAFAEL GOENAGA GONZÁLEZ","MAURICIO RAFAEL","GOENAGA GONZÁLEZ","empleados","MAURICIO RAFAEL"
"21764154","21764154","21764154","malzatebtos1234@gmail.com","LAURA ROSA ALVAREZ SOSA","LAURA ROSA","ALVAREZ SOSA","empleados","LAURA ROSA"
"1035853670","1035853670","1035853670","alzatecardonayuliana@gmail.com","YULIANA ALZATE CARDONA","YULIANA","ALZATE CARDONA","empleados","YULIANA"
"1054921928","1054921928","1054921928","claualexander0107@gmail.com","CLAUDIA PATRICIA ARTEAGA MUÑOZ","CLAUDIA PATRICIA","ARTEAGA MUÑOZ","empleados","CLAUDIA PATRICIA"
"1035869866","1035869866","1035869866","manuba25@hotmail.com","MANUELA ALZATE BARRIENTOS","MANUELA","ALZATE BARRIENTOS","empleados","MANUELA"
"1020406878","1020406878","1020406878","alex.o160287@gmail.com","WILFER ALEXIS OSPINA LÓPEZ","WILFER ALEXIS","OSPINA LÓPEZ","empleados","WILFER ALEXIS"
"43160513","43160513","43160513","maryluzdiaztorres6@gmail.com","MARILUZ DIAZ TOREES","MARILUZ","DIAZ TOREES","empleados","MARILUZ"
"42901311","42901311","42901311","soniatiatomas23@gmail.com","MARTHA SONIA ARBOLEDA URIBE","MARTHA SONIA","ARBOLEDA URIBE","empleados","MARTHA SONIA"
"1035970253","1035970253","1035970253","tomasgil0123@gmail.com","TOMÁS GIL ARBOLEDA","TOMÁS","GIL ARBOLEDA","empleados","TOMÁS"
"1001390365","1001390365","1001390365","kp0827074@gmail.com","KEVIN PINEDA","KEVIN","PINEDA","empleados","KEVIN"
"1017922308","1017922308","1017922308","isazamanuel04@gmail.com","JUAN MANUEL ISAZA QUICENO","JUAN MANUEL","ISAZA QUICENO","empleados","JUAN MANUEL"
"1036518553","1036518553","1036518553","johansanchezvalencia@gmail.com","JOHAN SANCHEZ VALENCIA","JOHAN","SANCHEZ VALENCIA","empleados","JOHAN"
"39359375","39359375","39359375","mery.hincapie@vibrantz.com","LUZ MERY HINCAPIE ZAPATA","LUZ MERY","HINCAPIE ZAPATA","empleados","LUZ MERY"
"70327245","70327245","70327245","operaciones@merkahorrosas.com","RAMIRO ANTONIO HINCAPIE ZAPATA","RAMIRO ANTONIO","HINCAPIE ZAPATA","empleados","RAMIRO ANTONIO"
"1128278657","1128278657","1128278657","felipe@gmail.com","ANDRES FELIPE ESCOBAR BOTERO","ANDRES FELIPE","ESCOBAR BOTERO","empleados","ANDRES FELIPE"
"98762076","98762076","98762076","gomezvelasquez8501@gmail.com","JORGE ALBERTO GOMEZ VELASQUEZ","JORGE ALBERTO","GOMEZ VELASQUEZ","empleados","JORGE ALBERTO"